card_title,card_title_href,card_img_href,card_text,Name
3store,https://dbdb.io/db/3store,https://dbdb.io/media/logos/3store.png.40x40_q85.png,,3store
4store,https://dbdb.io/db/4store,https://dbdb.io/media/logos/4store.png.40x40_q85.png,,4store
abhot,https://dbdb.io/db/abhot,,,abhot
Accumulo,https://dbdb.io/db/accumulo,https://dbdb.io/media/logos/accumulo.svg,,accumulo
AceBase,https://dbdb.io/db/acebase,https://dbdb.io/media/logos/acebase.png.40x40_q85.png,,acebase
AceDB,https://dbdb.io/db/acedb,https://dbdb.io/media/logos/acedb.png.40x40_q85.png,,acedb
ActorDB,https://dbdb.io/db/actordb,https://dbdb.io/media/logos/actordb.png.40x40_q85.png,,actordb
Aerospike,https://dbdb.io/db/aerospike,https://dbdb.io/media/logos/aerospike2025.svg,,aerospike
AgateDB,https://dbdb.io/db/agatedb,,,agatedb
AGEDB,https://dbdb.io/db/agedb,https://dbdb.io/media/logos/agedb.svg,,agedb
AgensGraph,https://dbdb.io/db/agensgraph,https://dbdb.io/media/logos/agensgraph2023.png.40x40_q85.png,,agensgraph
AionDB,https://dbdb.io/db/aiondb,https://dbdb.io/media/logos/aiondb.png.40x40_q85.png,,aiondb
AKDB,https://dbdb.io/db/akdb,https://dbdb.io/media/logos/akdb.svg,,akdb
Akumuli,https://dbdb.io/db/akumuli,https://dbdb.io/media/logos/akumuli.png.40x40_q85.png,,akumuli
Akutan,https://dbdb.io/db/akutan,https://dbdb.io/media/logos/beam.jpg.40x40_q85.jpg,,akutan
AlaSQL,https://dbdb.io/db/alasql,https://dbdb.io/media/logos/alasql.png.40x40_q85.png,,alasql
AlchemyDB,https://dbdb.io/db/alchemydb,,,alchemydb
Alenka,https://dbdb.io/db/alenka,https://dbdb.io/media/logos/alenka_UFGMXu1.png.40x40_q85.png,,alenka
AllocDB,https://dbdb.io/db/allocdb,https://dbdb.io/media/logos/allocdb.svg,,allocdb
Altinity,https://dbdb.io/db/altinity,https://dbdb.io/media/logos/altinity.svg,,altinity
Amelie,https://dbdb.io/db/amelie,https://dbdb.io/media/logos/amelie.svg,,amelie
AngstromDB,https://dbdb.io/db/angstromdb,,,angstromdb
AnnaDB,https://dbdb.io/db/annadb,https://dbdb.io/media/logos/annadb.svg,,annadb
AnnDB,https://dbdb.io/db/anndb,https://dbdb.io/media/logos/anndb.svg,,anndb
Antfly,https://dbdb.io/db/antfly,https://dbdb.io/media/logos/antfly.svg,,antfly
Antidote,https://dbdb.io/db/antidote,https://dbdb.io/media/logos/antidotedb.png.40x40_q85.png,,antidote
AnuDB,https://dbdb.io/db/anudb,,,anudb
AODBM,https://dbdb.io/db/aodbm,,,aodbm
Arakoon,https://dbdb.io/db/arakoon,https://dbdb.io/media/logos/arakoon.png.40x40_q85.png,,arakoon
ArangoDB,https://dbdb.io/db/arangodb,https://dbdb.io/media/logos/arangodb.svg,,arangodb
ArcadeDB,https://dbdb.io/db/arcadedb,https://dbdb.io/media/logos/arcadedb.png.40x40_q85.png,,arcadedb
ArcticDB,https://dbdb.io/db/arcticdb,https://dbdb.io/media/logos/arcticdb2026_8LC6WQd.svg,,arcticdb
Ardb,https://dbdb.io/db/ardb,,,ardb
AresDB,https://dbdb.io/db/aresdb,https://dbdb.io/media/logos/aresdb.png.40x40_q85.png,,aresdb
AriaSQL,https://dbdb.io/db/ariasql,https://dbdb.io/media/logos/ariasql.png.40x40_q85.png,,ariasql
Ark,https://dbdb.io/db/ark,https://dbdb.io/media/logos/ark.svg,,ark
Arroyo,https://dbdb.io/db/arroyo,https://dbdb.io/media/logos/arroyo.svg,,arroyo
Asami,https://dbdb.io/db/asami,,,asami
Assassin,https://dbdb.io/db/assassin,https://dbdb.io/media/logos/assassin.svg,,assassin
AsterixDB,https://dbdb.io/db/asterixdb,https://dbdb.io/media/logos/asterixdb.svg,,asterixdb
Atlas,https://dbdb.io/db/atlas,https://dbdb.io/media/logos/netflix_atlas.png.40x40_q85.png,,atlas
AverageDB,https://dbdb.io/db/averagedb,https://dbdb.io/media/logos/averagedb.png.40x40_q85.png,,averagedb
AvionDB,https://dbdb.io/db/aviondb,https://dbdb.io/media/logos/aviondb.svg,,aviondb
AwaDB,https://dbdb.io/db/awadb,https://dbdb.io/media/logos/awadb.png.40x40_q85.png,,awadb
Axion,https://dbdb.io/db/axion,https://dbdb.io/media/logos/axion.png.40x40_q85.png,,axion
BabuDB,https://dbdb.io/db/babudb,https://dbdb.io/media/logos/babudb.png.40x40_q85.png,,babudb
BadgerDB,https://dbdb.io/db/badgerdb,https://dbdb.io/media/logos/badgerdb.png.40x40_q85.png,,badgerdb
Bagri,https://dbdb.io/db/bagri,https://dbdb.io/media/logos/bagridb.png.40x40_q85.png,,bagri
BaikalDB,https://dbdb.io/db/baikaldb,https://dbdb.io/media/logos/baikaldb.png.40x40_q85.png,,baikaldb
BangDB,https://dbdb.io/db/bangdb,https://dbdb.io/media/logos/bangdb.svg,,bangdb
BaraDB,https://dbdb.io/db/baradb,https://dbdb.io/media/logos/baradb_dBx4jl5.png.40x40_q85.png,,baradb
Barrel DB,https://dbdb.io/db/barrel-db,https://dbdb.io/media/logos/barrel-db-docdb.svg,,barrel-db
BaseX,https://dbdb.io/db/basex,https://dbdb.io/media/logos/basex.svg,,basex
BayesDB,https://dbdb.io/db/bayesdb,https://dbdb.io/media/logos/bayesdb.png.40x40_q85.png,,bayesdb
bbolt,https://dbdb.io/db/bbolt,,,bbolt
BBoxDB,https://dbdb.io/db/bboxdb,https://dbdb.io/media/logos/bboxdb.png.40x40_q85.png,,bboxdb
Beagle SQL,https://dbdb.io/db/beagle-sql,https://dbdb.io/media/logos/beaglesql.png.40x40_q85.png,,beagle-sql
Bedrock,https://dbdb.io/db/bedrock,https://dbdb.io/media/logos/bedrock.svg,,bedrock
BemiDB,https://dbdb.io/db/bemidb,https://dbdb.io/media/logos/bemidb.svg,,bemidb
BergDB,https://dbdb.io/db/bergdb,https://dbdb.io/media/logos/bergdb.png.40x40_q85.png,,bergdb
Beringei,https://dbdb.io/db/beringei,https://dbdb.io/media/logos/beringei.png.40x40_q85.png,,beringei
Berkeley DB,https://dbdb.io/db/berkeley-db,https://dbdb.io/media/logos/berkeleydb.png.40x40_q85.png,,berkeley-db
BerylDB,https://dbdb.io/db/beryldb,https://dbdb.io/media/logos/beryldb.svg,,beryldb
BigchainDB,https://dbdb.io/db/bigchaindb,https://dbdb.io/media/logos/bigchaindb.svg,,bigchaindb
BinaryRage,https://dbdb.io/db/binaryrage,,,binaryrage
Bitcask,https://dbdb.io/db/bitcask,https://dbdb.io/media/logos/bitcask.svg,,bitcask
Bitsy,https://dbdb.io/db/bitsy,https://dbdb.io/media/logos/bitsy.png.40x40_q85.png,,bitsy
BlackRay,https://dbdb.io/db/blackray,https://dbdb.io/media/logos/blackray_HcEgO5u.png.40x40_q85.png,,blackray
Blazegraph,https://dbdb.io/db/blazegraph,https://dbdb.io/media/logos/blazegraph.png.40x40_q85.png,,blazegraph
BlazingSQL,https://dbdb.io/db/blazingsql,https://dbdb.io/media/logos/blazingsql.svg,,blazingsql
Bleve,https://dbdb.io/db/bleve,https://dbdb.io/media/logos/bleve.svg,,bleve
BlinkDB,https://dbdb.io/db/blinkdb,https://dbdb.io/media/logos/blinkdb.png.40x40_q85.png,,blinkdb
Blueflood,https://dbdb.io/db/blueflood,https://dbdb.io/media/logos/blueflood.png.40x40_q85.png,,blueflood
BoJack,https://dbdb.io/db/bojack,https://dbdb.io/media/logos/bojack.png.40x40_q85.png,,bojack
BoltDB,https://dbdb.io/db/boltdb,https://dbdb.io/media/logos/boltdb.png.40x40_q85.png,,boltdb
BonsaiDb,https://dbdb.io/db/bonsaidb,https://dbdb.io/media/logos/bonsaidb.png.40x40_q85.png,,bonsaidb
BrightstarDB,https://dbdb.io/db/brightstardb,https://dbdb.io/media/logos/brightstardb.png.40x40_q85.png,,brightstardb
BroDB,https://dbdb.io/db/brodb,,,brodb
BTDB,https://dbdb.io/db/btdb,https://dbdb.io/media/logos/btdb.png.40x40_q85.png,,btdb
BTrDB,https://dbdb.io/db/btrdb,https://dbdb.io/media/logos/btrdb.png.40x40_q85.png,,btrdb
bugfruit,https://dbdb.io/db/bugfruit,https://dbdb.io/media/logos/bugfruit.svg,,bugfruit
BuntDB,https://dbdb.io/db/buntdb,https://dbdb.io/media/logos/buntdb.png.40x40_q85.png,,buntdb
BusTub,https://dbdb.io/db/bustub,https://dbdb.io/media/logos/bustub.svg,,bustub
ByConity,https://dbdb.io/db/byconity,https://dbdb.io/media/logos/byconity.svg,,byconity
Cachegrand,https://dbdb.io/db/cachegrand,https://dbdb.io/media/logos/cachegrand.png.40x40_q85.png,,cachegrand
Calvin,https://dbdb.io/db/calvin,,,calvin
CamaDB,https://dbdb.io/db/camadb,,,camadb
CaskDB,https://dbdb.io/db/caskdb,https://dbdb.io/media/logos/caskdb.svg,,caskdb
Cassandra,https://dbdb.io/db/cassandra,https://dbdb.io/media/logos/Apache_Cassandra.svg,,cassandra
CastleDB,https://dbdb.io/db/castledb,https://dbdb.io/media/logos/castledb.png.40x40_q85.png,,castledb
Cayley,https://dbdb.io/db/cayley,https://dbdb.io/media/logos/cayley.png.40x40_q85.png,,cayley
cdb,https://dbdb.io/db/cdb,,,cdb
ChaiSQL,https://dbdb.io/db/chaisql,,,chaisql
chaozzDB,https://dbdb.io/db/chaozzdb,https://dbdb.io/media/logos/chaozzdb.svg,,chaozzdb
chDB,https://dbdb.io/db/chdb,https://dbdb.io/media/logos/chdb.svg,,chdb
Cheetah,https://dbdb.io/db/cheetah,https://dbdb.io/media/logos/cheetah.png.40x40_q85.png,,cheetah
Chroma,https://dbdb.io/db/chroma,https://dbdb.io/media/logos/chroma_H600YUl.svg,,chroma
chromem-go,https://dbdb.io/db/chromem-go,,,chromem-go
ChromoDB,https://dbdb.io/db/chromodb,https://dbdb.io/media/logos/chromodb.png.40x40_q85.png,,chromodb
Chronicle Map,https://dbdb.io/db/chronicle-map,https://dbdb.io/media/logos/chronicle-map.png.40x40_q85.png,,chronicle-map
Chronix,https://dbdb.io/db/chronix,https://dbdb.io/media/logos/chronix.png.40x40_q85.png,,chronix
Citus,https://dbdb.io/db/citus,https://dbdb.io/media/logos/citus.svg,,citus
ClickHouse,https://dbdb.io/db/clickhouse,https://dbdb.io/media/logos/clickhouse.svg,,clickhouse
CloseVector,https://dbdb.io/db/closevector,https://dbdb.io/media/logos/closevector.svg,,closevector
Cloudberry,https://dbdb.io/db/cloudberry,https://dbdb.io/media/logos/apache-cloudberry.svg,,cloudberry
CloudKit,https://dbdb.io/db/cloudkit,https://dbdb.io/media/logos/cloudkit.png.40x40_q85.png,,cloudkit
CloverDB,https://dbdb.io/db/cloverdb,https://dbdb.io/media/logos/cloverdb.png.40x40_q85.png,,cloverdb
CnosDB,https://dbdb.io/db/cnosdb,https://dbdb.io/media/logos/cnosdb.svg,,cnosdb
CockroachDB,https://dbdb.io/db/cockroachdb,https://dbdb.io/media/logos/cockroachdb2022.svg,,cockroachdb
CodernityDB,https://dbdb.io/db/codernitydb,https://dbdb.io/media/logos/CodernityDB.png.40x40_q85.png,,codernitydb
CoGaDB,https://dbdb.io/db/cogadb,https://dbdb.io/media/logos/cogadb.svg,,cogadb
CogDB,https://dbdb.io/db/cogdb,https://dbdb.io/media/logos/cogdb.png.40x40_q85.png,,cogdb
Coherence,https://dbdb.io/db/coherence,https://dbdb.io/media/logos/oracle-coherence.png.40x40_q85.png,,coherence
Column,https://dbdb.io/db/column,https://dbdb.io/media/logos/column.png.40x40_q85.png,,column
Comdb2,https://dbdb.io/db/comdb2,https://dbdb.io/media/logos/comdb2.png.40x40_q85.png,,comdb2
Compass,https://dbdb.io/db/compass,https://dbdb.io/media/logos/compass.png.40x40_q85.png,,compass
ComposeDB,https://dbdb.io/db/composedb,https://dbdb.io/media/logos/composedb.svg,,composedb
ComputeDB,https://dbdb.io/db/computedb,https://dbdb.io/media/logos/computedb.png.40x40_q85.png,,computedb
ConceptBase.cc,https://dbdb.io/db/conceptbasecc,https://dbdb.io/media/logos/conceptbase.png.40x40_q85.png,,conceptbasecc
Concourse,https://dbdb.io/db/concourse,https://dbdb.io/media/logos/concourse.png.40x40_q85.png,,concourse
Condensation,https://dbdb.io/db/condensation,https://dbdb.io/media/logos/condensationdb.svg,,condensation
Consus,https://dbdb.io/db/consus,https://dbdb.io/media/logos/consus.svg,,consus
Consus,https://dbdb.io/db/consus-java,https://dbdb.io/media/logos/consus.jpg.40x40_q85.jpg,,consus-java
CORAL,https://dbdb.io/db/coral,,,coral
CoreObject,https://dbdb.io/db/coreobject,https://dbdb.io/media/logos/coreobject.svg,,coreobject
Couchbase,https://dbdb.io/db/couchbase,https://dbdb.io/media/logos/couchbase.svg,,couchbase
CouchDB,https://dbdb.io/db/couchdb,https://dbdb.io/media/logos/apache-couchdb.svg,,couchdb
CovenantSQL,https://dbdb.io/db/covenantsql,https://dbdb.io/media/logos/covenantsql.png.40x40_q85.png,,covenantsql
CozoDB,https://dbdb.io/db/cozodb,https://dbdb.io/media/logos/cozodb.png.40x40_q85.png,,cozodb
CQL++,https://dbdb.io/db/cql,,,cql
CQLite,https://dbdb.io/db/cqlite,,,cqlite
CrateDB,https://dbdb.io/db/cratedb,https://dbdb.io/media/logos/cratedb.svg,,cratedb
CruzDB,https://dbdb.io/db/cruzdb,https://dbdb.io/media/logos/cruzdb.png.40x40_q85.png,,cruzdb
CSQL,https://dbdb.io/db/csql,https://dbdb.io/media/logos/csql.jpg.40x40_q85.jpg,,csql
C-Store,https://dbdb.io/db/c-store,https://dbdb.io/media/logos/c-store.jpg.40x40_q85.jpg,,c-store
CubicWeb,https://dbdb.io/db/cubicweb,https://dbdb.io/media/logos/cubicweb.svg,,cubicweb
Cubrid,https://dbdb.io/db/cubrid,https://dbdb.io/media/logos/cubrid-logo.png.40x40_q85.png,,cubrid
CurioDB,https://dbdb.io/db/curiodb,https://dbdb.io/media/logos/curiodb.svg,,curiodb
CursusDB,https://dbdb.io/db/cursusdb,https://dbdb.io/media/logos/cursusdb.svg,,cursusdb
Daffodil DB,https://dbdb.io/db/daffodil-db,https://dbdb.io/media/logos/daffodildb.png.40x40_q85.png,,daffodil-db
DalmatinerDB,https://dbdb.io/db/dalmatinerdb,https://dbdb.io/media/logos/dalmantiner.jpg.40x40_q85.jpg,,dalmatinerdb
Dare-DB,https://dbdb.io/db/dare-db,https://dbdb.io/media/logos/dare-db.svg,,dare-db
Databend,https://dbdb.io/db/databend,https://dbdb.io/media/logos/databend.svg,,databend
DataFusion,https://dbdb.io/db/datafusion,https://dbdb.io/media/logos/datafusion2026.svg,,datafusion
Datahike,https://dbdb.io/db/datahike,https://dbdb.io/media/logos/datahike.svg,,datahike
Datalevin,https://dbdb.io/db/datalevin,https://dbdb.io/media/logos/datalevin.svg,,datalevin
DataScript,https://dbdb.io/db/datascript,https://dbdb.io/media/logos/datascript.svg,,datascript
db4o,https://dbdb.io/db/db4o,https://dbdb.io/media/logos/db40.png.40x40_q85.png,,db4o
DB5,https://dbdb.io/db/db5,https://dbdb.io/media/logos/db5.svg,,db5
dbeel,https://dbdb.io/db/dbeel,https://dbdb.io/media/logos/dbeel.svg,,dbeel
DBreeze,https://dbdb.io/db/dbreeze,https://dbdb.io/media/logos/dbreeze.png.40x40_q85.png,,dbreeze
DBx1000,https://dbdb.io/db/dbx1000,https://dbdb.io/media/logos/dbx1000.svg,,dbx1000
DeepDB,https://dbdb.io/db/deepdb,https://dbdb.io/media/logos/deepdb.svg,,deepdb
DefraDB,https://dbdb.io/db/defradb,https://dbdb.io/media/logos/defradb.svg,,defradb
DegDB,https://dbdb.io/db/degdb,https://dbdb.io/media/logos/degdb.png.40x40_q85.png,,degdb
Delta Lake,https://dbdb.io/db/delta-lake,https://dbdb.io/media/logos/delta-lake.svg,,delta-lake
DensoDB,https://dbdb.io/db/densodb,https://dbdb.io/media/logos/densodb.png.40x40_q85.png,,densodb
Derby,https://dbdb.io/db/derby,https://dbdb.io/media/logos/apache-derby.svg,,derby
DeveelDB,https://dbdb.io/db/deveeldb,https://dbdb.io/media/logos/deveeldb.svg,,deveeldb
DGraph,https://dbdb.io/db/dgraph,https://dbdb.io/media/logos/dgraph.svg,,dgraph
DiceDB,https://dbdb.io/db/dicedb,https://dbdb.io/media/logos/dicedb.png.40x40_q85.png,,dicedb
discodb,https://dbdb.io/db/discodb,,,discodb
DocumentDB,https://dbdb.io/db/documentdb-msft,https://dbdb.io/media/logos/documentdb-msft.svg,,documentdb-msft
Dolt,https://dbdb.io/db/dolt,https://dbdb.io/media/logos/dolt2022.svg,,dolt
Doris,https://dbdb.io/db/doris,https://dbdb.io/media/logos/doris.svg,,doris
Doxa,https://dbdb.io/db/doxa,https://dbdb.io/media/logos/doxa.svg,,doxa
Dqlite,https://dbdb.io/db/dqlite,,,dqlite
Dragonfly,https://dbdb.io/db/dragonfly,https://dbdb.io/media/logos/dragonfly.svg,,dragonfly
Dremio,https://dbdb.io/db/dremio,https://dbdb.io/media/logos/dremio.svg,,dremio
DriftDB,https://dbdb.io/db/driftdb,,,driftdb
Drill,https://dbdb.io/db/drill,https://dbdb.io/media/logos/apache-drill.svg,,drill
Drizzle,https://dbdb.io/db/drizzle,https://dbdb.io/media/logos/drizzle.svg,,drizzle
Druid,https://dbdb.io/db/druid,https://dbdb.io/media/logos/druid.svg,,druid
DuckDB,https://dbdb.io/db/duckdb,https://dbdb.io/media/logos/duckdb2023.svg,,duckdb
DuctileDB,https://dbdb.io/db/ductiledb,https://dbdb.io/media/logos/ductiledb.svg,,ductiledb
DyBASE,https://dbdb.io/db/dybase,https://dbdb.io/media/logos/dybase.svg,,dybase
DynomiteDB,https://dbdb.io/db/dynomitedb,https://dbdb.io/media/logos/dynomitedb_4ZlJ4FM.png.40x40_q85.png,,dynomitedb
Earthstar,https://dbdb.io/db/earthstar,https://dbdb.io/media/logos/earthstar.svg,,earthstar
EaseDB,https://dbdb.io/db/easedb,,,easedb
EchoDB,https://dbdb.io/db/echodb,https://dbdb.io/media/logos/echodb.svg,,echodb
EdgelessDB,https://dbdb.io/db/edgelessdb,https://dbdb.io/media/logos/edgelessdb.svg,,edgelessdb
Edis,https://dbdb.io/db/edis,https://dbdb.io/media/logos/edis.png.40x40_q85.png,,edis
EffiProz,https://dbdb.io/db/effiproz,https://dbdb.io/media/logos/effiproz.png.40x40_q85.png,,effiproz
Ehcache,https://dbdb.io/db/ehcache,https://dbdb.io/media/logos/ehcache.png.40x40_q85.png,,ehcache
EinsteinDB,https://dbdb.io/db/einsteindb,https://dbdb.io/media/logos/einsteindb.svg,,einsteindb
EJDB,https://dbdb.io/db/ejdb,https://dbdb.io/media/logos/ejdb.png.40x40_q85.png,,ejdb
Elara DB,https://dbdb.io/db/elara-db,https://dbdb.io/media/logos/elara.png.40x40_q85.png,,elara-db
ElaSQL,https://dbdb.io/db/elasql,https://dbdb.io/media/logos/elasql.svg,,elasql
Elasticsearch,https://dbdb.io/db/elasticsearch,https://dbdb.io/media/logos/elastic2021.svg,,elasticsearch
ElephantDB,https://dbdb.io/db/elephantdb,https://dbdb.io/media/logos/elephantdb.png.40x40_q85.png,,elephantdb
Elevator,https://dbdb.io/db/elevator,https://dbdb.io/media/logos/elevator.png.40x40_q85.png,,elevator
EliasDB,https://dbdb.io/db/eliasdb,https://dbdb.io/media/logos/eliasdb.png.40x40_q85.png,,eliasdb
Elliptics,https://dbdb.io/db/elliptics,https://dbdb.io/media/logos/elliptics.png.40x40_q85.png,,elliptics
EmbedDB,https://dbdb.io/db/embeddb,,,embeddb
Endatabas,https://dbdb.io/db/endatabas,https://dbdb.io/media/logos/endatabas2023.svg,,endatabas
Endee,https://dbdb.io/db/endee,https://dbdb.io/media/logos/endee.svg,,endee
Engram,https://dbdb.io/db/engram,https://dbdb.io/media/logos/engram.svg,,engram
Engula,https://dbdb.io/db/engula,https://dbdb.io/media/logos/engula.png.40x40_q85.png,,engula
EnnoDB,https://dbdb.io/db/ennodb,,,ennodb
Epsilla,https://dbdb.io/db/epsilla,https://dbdb.io/media/logos/epsilla.svg,,epsilla
etcd,https://dbdb.io/db/etcd,https://dbdb.io/media/logos/etcd.svg,,etcd
EuclidesDB,https://dbdb.io/db/euclidesdb,https://dbdb.io/media/logos/euclidesdb.png.40x40_q85.png,,euclidesdb
EuclidOLAP,https://dbdb.io/db/euclidolap,https://dbdb.io/media/logos/euclidolap.svg,,euclidolap
EVA DB,https://dbdb.io/db/eva-db,https://dbdb.io/media/logos/eva-db.svg,,eva-db
EVCache,https://dbdb.io/db/evcache,https://dbdb.io/media/logos/evcache.png.40x40_q85.png,,evcache
EventQL,https://dbdb.io/db/eventql,https://dbdb.io/media/logos/eventql.png.40x40_q85.png,,eventql
evitaDB,https://dbdb.io/db/evitadb,https://dbdb.io/media/logos/evitadb.svg,,evitadb
EvolvSQL,https://dbdb.io/db/evolvsql,,,evolvsql
eXist-db,https://dbdb.io/db/exist-db,https://dbdb.io/media/logos/existdb.png.40x40_q85.png,,exist-db
ExtendDB,https://dbdb.io/db/extenddb,https://dbdb.io/media/logos/extenddb.svg,,extenddb
Extensible Storage Engine,https://dbdb.io/db/extensible-storage-engine,,,extensible-storage-engine
EyeDB,https://dbdb.io/db/eyedb,https://dbdb.io/media/logos/eyedb.png.40x40_q85.png,,eyedb
eyros,https://dbdb.io/db/eyros,https://dbdb.io/media/logos/eyros.svg,,eyros
Falcon,https://dbdb.io/db/falcon,https://dbdb.io/media/logos/mysql-falcon.png.40x40_q85.png,,falcon
FalkorDB,https://dbdb.io/db/falkordb,https://dbdb.io/media/logos/falkordb.svg,,falkordb
Fallen-8,https://dbdb.io/db/fallen-8,https://dbdb.io/media/logos/fallen-8.svg,,fallen-8
FastDB,https://dbdb.io/db/fastdb,https://dbdb.io/media/logos/fastdb.svg,,fastdb
FASTER,https://dbdb.io/db/faster,https://dbdb.io/media/logos/faster.png.40x40_q85.png,,faster
FeatureBase,https://dbdb.io/db/featurebase,https://dbdb.io/media/logos/featurebase.svg,,featurebase
FeatureForm,https://dbdb.io/db/featureform,https://dbdb.io/media/logos/featureform.svg,,featureform
FerresDB,https://dbdb.io/db/ferresdb,https://dbdb.io/media/logos/ferresdb.png.40x40_q85.png,,ferresdb
FerretDB,https://dbdb.io/db/ferretdb,https://dbdb.io/media/logos/ferretdb.svg,,ferretdb
Ferrite,https://dbdb.io/db/ferrite,,,ferrite
FileDb,https://dbdb.io/db/filedb-dotnet,,,filedb-dotnet
FileDB,https://dbdb.io/db/filedb,https://dbdb.io/media/logos/filedb_08V0UhI.png.40x40_q85.png,,filedb
FiloDB,https://dbdb.io/db/filodb,https://dbdb.io/media/logos/filedb.png.40x40_q85.png,,filodb
FineDB,https://dbdb.io/db/finedb,https://dbdb.io/media/logos/finedb_3QD3tsO.png.40x40_q85.png,,finedb
Firebird,https://dbdb.io/db/firebird,https://dbdb.io/media/logos/firebird-horizontal.svg,,firebird
Fireproof,https://dbdb.io/db/fireproof,https://dbdb.io/media/logos/fireproof.svg,,fireproof
Fjall,https://dbdb.io/db/fjall,https://dbdb.io/media/logos/fjall.png.40x40_q85.png,,fjall
FlashDB,https://dbdb.io/db/flashdb,https://dbdb.io/media/logos/flashdb.png.40x40_q85.png,,flashdb
FlashFiler,https://dbdb.io/db/flashfiler,,,flashfiler
FleetDB,https://dbdb.io/db/fleetdb,,,fleetdb
FlockDB,https://dbdb.io/db/flockdb,,,flockdb
Fluree,https://dbdb.io/db/fluree,https://dbdb.io/media/logos/flureedb.svg,,fluree
Fongo,https://dbdb.io/db/fongo,,,fongo
ForestDB,https://dbdb.io/db/forestdb,,,forestdb
FoundationDB,https://dbdb.io/db/foundationdb,https://dbdb.io/media/logos/foundationdb-horizontal.svg,,foundationdb
FramerD,https://dbdb.io/db/framerd,https://dbdb.io/media/logos/framerd.png.40x40_q85.png,,framerd
Frigatebird,https://dbdb.io/db/frigatebird,https://dbdb.io/media/logos/frigatebird.svg,,frigatebird
FrostDB,https://dbdb.io/db/frostdb,https://dbdb.io/media/logos/frostdb.png.40x40_q85.png,,frostdb
FuelDB,https://dbdb.io/db/fueldb,https://dbdb.io/media/logos/fueldb.svg,,fueldb
Gadfly,https://dbdb.io/db/gadfly,,,gadfly
Gaffer,https://dbdb.io/db/gaffer,https://dbdb.io/media/logos/gaffer.png.40x40_q85.png,,gaffer
Gaia,https://dbdb.io/db/gaia,https://dbdb.io/media/logos/gaia.png.40x40_q85.png,,gaia
Garnet,https://dbdb.io/db/garnet,https://dbdb.io/media/logos/garnet.png.40x40_q85.png,,garnet
GDBM,https://dbdb.io/db/gdbm,https://dbdb.io/media/logos/gdbm.svg,,gdbm
Gel,https://dbdb.io/db/gel,https://dbdb.io/media/logos/gel.svg,,gel
GenosDB,https://dbdb.io/db/genosdb,https://dbdb.io/media/logos/genosdb.svg,,genosdb
Geode,https://dbdb.io/db/geode,https://dbdb.io/media/logos/apache-geode.svg,,geode
GhostDB,https://dbdb.io/db/ghostdb,https://dbdb.io/media/logos/ghostdb.png.40x40_q85.png,,ghostdb
GigaBASE,https://dbdb.io/db/gigabase,https://dbdb.io/media/logos/gigabase.svg,,gigabase
GitDB,https://dbdb.io/db/gitdb,,,gitdb
GlareDB,https://dbdb.io/db/glaredb,https://dbdb.io/media/logos/glaredb.svg,,glaredb
Glowdust,https://dbdb.io/db/glowdust,https://dbdb.io/media/logos/glowdust.png.40x40_q85.png,,glowdust
Gnocchi,https://dbdb.io/db/gnocchi,https://dbdb.io/media/logos/gnocchi.svg,,gnocchi
GNU SQL Server,https://dbdb.io/db/gnu-sql-server,,,gnu-sql-server
GoatDB,https://dbdb.io/db/goatdb,https://dbdb.io/media/logos/goatdb.png.40x40_q85.png,,goatdb
GOODS,https://dbdb.io/db/goods,https://dbdb.io/media/logos/goods.png.40x40_q85.png,,goods
GoshawkDB,https://dbdb.io/db/goshawkdb,https://dbdb.io/media/logos/goshawkdb.png.40x40_q85.png,,goshawkdb
GrapheekDB,https://dbdb.io/db/grapheekdb,https://dbdb.io/media/logos/grapheekdb.png.40x40_q85.png,,grapheekdb
Graphik,https://dbdb.io/db/graphik,https://dbdb.io/media/logos/graphik.png.40x40_q85.png,,graphik
GraphLite,https://dbdb.io/db/graphlite,,,graphlite
Graviton,https://dbdb.io/db/graviton,https://dbdb.io/media/logos/graviton.png.40x40_q85.png,,graviton
GreatSQL,https://dbdb.io/db/greatsql,https://dbdb.io/media/logos/greatsql.png.40x40_q85.png,,greatsql
GreptimeDB,https://dbdb.io/db/greptimedb,https://dbdb.io/media/logos/greptimedb.svg,,greptimedb
GridDB,https://dbdb.io/db/griddb,https://dbdb.io/media/logos/griddb.png.40x40_q85.png,,griddb
GridGain,https://dbdb.io/db/gridgain,https://dbdb.io/media/logos/gridgain.svg,,gridgain
GUN,https://dbdb.io/db/gun,https://dbdb.io/media/logos/gun.svg,,gun
H2,https://dbdb.io/db/h2,https://dbdb.io/media/logos/h2-logo.svg,,h2
Hadoop,https://dbdb.io/db/hadoop,https://dbdb.io/media/logos/hadoop.svg,,hadoop
HailDB,https://dbdb.io/db/haildb,https://dbdb.io/media/logos/haildb.svg,,haildb
HaloDB,https://dbdb.io/db/halodb,,,halodb
HaloDB Revive,https://dbdb.io/db/halodb-revive,,,halodb-revive
HampusDB,https://dbdb.io/db/hampusdb,https://dbdb.io/media/logos/hampusdb.jpg.40x40_q85.jpg,,hampusdb
HanoiDB,https://dbdb.io/db/hanoidb,,,hanoidb
HAWQ,https://dbdb.io/db/hawq,https://dbdb.io/media/logos/hawq.svg,,hawq
HaystackDB,https://dbdb.io/db/haystackdb,,,haystackdb
Hazelcast,https://dbdb.io/db/hazelcast,https://dbdb.io/media/logos/hazelcast2026.svg,,hazelcast
HBase,https://dbdb.io/db/hbase,https://dbdb.io/media/logos/hbase_logo.svg,,hbase
HeavyDB,https://dbdb.io/db/heavydb,https://dbdb.io/media/logos/heavydb.png.40x40_q85.png,,heavydb
HelinDB,https://dbdb.io/db/helindb,,,helindb
HelixDB,https://dbdb.io/db/helixdb,https://dbdb.io/media/logos/helixdb2026.svg,,helixdb
HerdDB,https://dbdb.io/db/herddb,https://dbdb.io/media/logos/herddb.png.40x40_q85.png,,herddb
Heroic,https://dbdb.io/db/heroic,https://dbdb.io/media/logos/heroicdb.png.40x40_q85.png,,heroic
HexxlaDB,https://dbdb.io/db/hexxladb,https://dbdb.io/media/logos/hexxladb.svg,,hexxladb
Hibari,https://dbdb.io/db/hibari,https://dbdb.io/media/logos/hibari.png.40x40_q85.png,,hibari
hipsterDB,https://dbdb.io/db/hipsterdb,,,hipsterdb
Histore,https://dbdb.io/db/histore,https://dbdb.io/media/logos/histore.png.40x40_q85.png,,histore
Hive,https://dbdb.io/db/hive,https://dbdb.io/media/logos/apache_hive.svg,,hive
Hive,https://dbdb.io/db/hive-dart,https://dbdb.io/media/logos/hive.svg,,hive-dart
HollowDB,https://dbdb.io/db/hollowdb,https://dbdb.io/media/logos/hollowdb.svg,,hollowdb
HoraeDB,https://dbdb.io/db/horaedb,https://dbdb.io/media/logos/horaedb.png.40x40_q85.png,,horaedb
H-Store,https://dbdb.io/db/h-store,https://dbdb.io/media/logos/hstore.svg,,h-store
HStreamDB,https://dbdb.io/db/hstreamdb,https://dbdb.io/media/logos/hstream.png.40x40_q85.png,,hstreamdb
HugeGraph,https://dbdb.io/db/hugegraph,https://dbdb.io/media/logos/hugegraph.svg,,hugegraph
Hydra,https://dbdb.io/db/hydra,https://dbdb.io/media/logos/hydra.svg,,hydra
HydrAIDE,https://dbdb.io/db/hydraide,,,hydraide
HyperDB,https://dbdb.io/db/hyperdb,https://dbdb.io/media/logos/hyperdb.png.40x40_q85.png,,hyperdb
HyperDex,https://dbdb.io/db/hyperdex,https://dbdb.io/media/logos/hyperdex.svg,,hyperdex
HyperGraphDB,https://dbdb.io/db/hypergraphdb,https://dbdb.io/media/logos/hypergraphdb.jpg.40x40_q85.jpg,,hypergraphdb
HyperSQL,https://dbdb.io/db/hypersql,https://dbdb.io/media/logos/hypersql.png.40x40_q85.png,,hypersql
Hypertable,https://dbdb.io/db/hypertable,https://dbdb.io/media/logos/hypertable.png.40x40_q85.png,,hypertable
Hyrise,https://dbdb.io/db/hyrise,https://dbdb.io/media/logos/hyrise.png.40x40_q85.png,,hyrise
Icecoal,https://dbdb.io/db/icecoal,https://dbdb.io/media/logos/icecoal.png.40x40_q85.png,,icecoal
IceFireDB,https://dbdb.io/db/icefiredb,https://dbdb.io/media/logos/icefiredb.png.40x40_q85.png,,icefiredb
Ignite,https://dbdb.io/db/ignite,https://dbdb.io/media/logos/apache-ignite.svg,,ignite
ImmortalDB,https://dbdb.io/db/immortaldb,https://dbdb.io/media/logos/immortaldb.png.40x40_q85.png,,immortaldb
Immudb,https://dbdb.io/db/immudb,https://dbdb.io/media/logos/immudb.png.40x40_q85.png,,immudb
Impala,https://dbdb.io/db/impala,https://dbdb.io/media/logos/apache-impala.svg,,impala
InfiniDB,https://dbdb.io/db/infinidb,https://dbdb.io/media/logos/infinidb.png.40x40_q85.png,,infinidb
Infinispan,https://dbdb.io/db/infinispan,https://dbdb.io/media/logos/infinispan.svg,,infinispan
InfiniSQL,https://dbdb.io/db/infinisql,https://dbdb.io/media/logos/infinisql.png.40x40_q85.png,,infinisql
Infino,https://dbdb.io/db/infino,https://dbdb.io/media/logos/infino.png.40x40_q85.png,,infino
InfluxDB,https://dbdb.io/db/influxdb,https://dbdb.io/media/logos/InfluxDB.svg,,influxdb
InfoGrid,https://dbdb.io/db/infogrid,https://dbdb.io/media/logos/infogrid.png.40x40_q85.png,,infogrid
Ingres,https://dbdb.io/db/ingres,https://dbdb.io/media/logos/ingres.svg,,ingres
IonDB,https://dbdb.io/db/iondb,https://dbdb.io/media/logos/iondb.svg,,iondb
IoTDB,https://dbdb.io/db/iotdb,https://dbdb.io/media/logos/iotdb.svg,,iotdb
Irmin,https://dbdb.io/db/irmin,https://dbdb.io/media/logos/irmin.svg,,irmin
IssunDB,https://dbdb.io/db/issundb,https://dbdb.io/media/logos/issundb.svg,,issundb
Jackrabbit,https://dbdb.io/db/jackrabbit,https://dbdb.io/media/logos/apache-jackrabbit.svg,,jackrabbit
JaguarDB,https://dbdb.io/db/jaguardb,https://dbdb.io/media/logos/jaguardb.png.40x40_q85.png,,jaguardb
JameSQL,https://dbdb.io/db/jamesql,,,jamesql
JanusGraph,https://dbdb.io/db/janusgraph,https://dbdb.io/media/logos/janusgraph.png.40x40_q85.png,,janusgraph
JasDB,https://dbdb.io/db/jasdb,https://dbdb.io/media/logos/jasdb.png.40x40_q85.png,,jasdb
jasonisnthappy,https://dbdb.io/db/jasonisnthappy,https://dbdb.io/media/logos/jasonisnthappy.svg,,jasonisnthappy
Jazz,https://dbdb.io/db/jazz,https://dbdb.io/media/logos/jazz.svg,,jazz
Jena,https://dbdb.io/db/jena,https://dbdb.io/media/logos/apache-jena.svg,,jena
JinDB,https://dbdb.io/db/jindb,https://dbdb.io/media/logos/jindb.svg,,jindb
Joedb,https://dbdb.io/db/joedb,https://dbdb.io/media/logos/joedb.svg,,joedb
JSDB,https://dbdb.io/db/jsdb,,,jsdb
jsonstore.io,https://dbdb.io/db/jsonstoreio,https://dbdb.io/media/logos/jsonstore_2VMuQ5A.png.40x40_q85.png,,jsonstoreio
JSqlDb,https://dbdb.io/db/jsqldb,https://dbdb.io/media/logos/jsqldb.svg,,jsqldb
JuliaDB,https://dbdb.io/db/juliadb,https://dbdb.io/media/logos/juliadb.svg,,juliadb
JunoDB,https://dbdb.io/db/junodb,,,junodb
JustinDB,https://dbdb.io/db/justindb,https://dbdb.io/media/logos/justindb.png.40x40_q85.png,,justindb
k4,https://dbdb.io/db/k4,https://dbdb.io/media/logos/k4.svg,,k4
KahaDB,https://dbdb.io/db/kahadb,,,kahadb
Kai,https://dbdb.io/db/kai,https://dbdb.io/media/logos/kai.png.40x40_q85.png,,kai
KairosDB,https://dbdb.io/db/kairosdb,https://dbdb.io/media/logos/kairosdb.svg,,kairosdb
KantoDB,https://dbdb.io/db/kantodb,https://dbdb.io/media/logos/kantodb.svg,,kantodb
Kappa,https://dbdb.io/db/kappa,https://dbdb.io/media/logos/kappa.svg,,kappa
KarelDB,https://dbdb.io/db/kareldb,,,kareldb
KekeDB,https://dbdb.io/db/kekedb,,,kekedb
KektorDB,https://dbdb.io/db/kektordb,https://dbdb.io/media/logos/kektordb.png.40x40_q85.png,,kektordb
KenobiDB,https://dbdb.io/db/kenobidb,https://dbdb.io/media/logos/kenobidb.png.40x40_q85.png,,kenobidb
Kerf,https://dbdb.io/db/kerf,https://dbdb.io/media/logos/kerf-small.png.40x40_q85.png,,kerf
KeyDB,https://dbdb.io/db/keydb,https://dbdb.io/media/logos/keydb.svg,,keydb
KingDB,https://dbdb.io/db/kingdb,,,kingdb
Kinto,https://dbdb.io/db/kinto,https://dbdb.io/media/logos/kinto_dPsfoLi.svg,,kinto
KirbyBase,https://dbdb.io/db/kirbybase,https://dbdb.io/media/logos/kirbybase.jpg.40x40_q85.jpg,,kirbybase
Krati,https://dbdb.io/db/krati,,,krati
Kronicler,https://dbdb.io/db/kronicler,https://dbdb.io/media/logos/kronicler.svg,,kronicler
Kronotop,https://dbdb.io/db/kronotop,https://dbdb.io/media/logos/kronotop.svg,,kronotop
ksqlDB,https://dbdb.io/db/ksqldb,https://dbdb.io/media/logos/ksqldb-rocket.svg,,ksqldb
Kudu,https://dbdb.io/db/kudu,https://dbdb.io/media/logos/apache-kudu.png.40x40_q85.png,,kudu
Kunlun,https://dbdb.io/db/kunlun,https://dbdb.io/media/logos/kunlun.svg,,kunlun
KurrentDB,https://dbdb.io/db/kurrentdb,https://dbdb.io/media/logos/kurrentdb.svg,,kurrentdb
Kuzu,https://dbdb.io/db/kuzu,https://dbdb.io/media/logos/kuzu2025.svg,,kuzu
KVDB,https://dbdb.io/db/kvdb-zig,,,kvdb-zig
Kvrocks,https://dbdb.io/db/kvrocks,https://dbdb.io/media/logos/kvrocks.png.40x40_q85.png,,kvrocks
Kylin,https://dbdb.io/db/kylin,https://dbdb.io/media/logos/kylin.png.40x40_q85.png,,kylin
Kyoto Cabinet,https://dbdb.io/db/kyoto-cabinet,https://dbdb.io/media/logos/kyotocabinet.png.40x40_q85.png,,kyoto-cabinet
Kyoto Tycoon,https://dbdb.io/db/kyoto-tycoon,,,kyoto-tycoon
Kyuubi,https://dbdb.io/db/kyuubi,https://dbdb.io/media/logos/kyuubi.svg,,kyuubi
LadybugDB,https://dbdb.io/db/ladybugdb,https://dbdb.io/media/logos/ladybugdb.svg,,ladybugdb
lakeql,https://dbdb.io/db/lakeql,https://dbdb.io/media/logos/lakeql.svg,,lakeql
LanceDB,https://dbdb.io/db/lancedb,https://dbdb.io/media/logos/lancedb2026.svg,,lancedb
Lazer,https://dbdb.io/db/lazer,,,lazer
Lealone,https://dbdb.io/db/lealone,https://dbdb.io/media/logos/lealone.png.40x40_q85.png,,lealone
LeanStore,https://dbdb.io/db/leanstore,https://dbdb.io/media/logos/leanstore.png.40x40_q85.png,,leanstore
LEAP,https://dbdb.io/db/leap,https://dbdb.io/media/logos/leap.png.40x40_q85.png,,leap
LedisDB,https://dbdb.io/db/ledisdb,https://dbdb.io/media/logos/ledisdb.png.40x40_q85.png,,ledisdb
libmdbx,https://dbdb.io/db/libmdbx,,,libmdbx
libSQL,https://dbdb.io/db/libsql,https://dbdb.io/media/logos/libsql2024.svg,,libsql
LightCloud,https://dbdb.io/db/lightcloud,https://dbdb.io/media/logos/lightcloud.png.40x40_q85.png,,lightcloud
LightDB,https://dbdb.io/db/lightdb,https://dbdb.io/media/logos/lightdb.svg,,lightdb
LightDB,https://dbdb.io/db/lightdb-washington,https://dbdb.io/media/logos/lightdb-uw.png.40x40_q85.png,,lightdb-washington
LinDB,https://dbdb.io/db/lindb,https://dbdb.io/media/logos/lindb.png.40x40_q85.png,,lindb
LineairDB,https://dbdb.io/db/lineairdb,,,lineairdb
LingoDB,https://dbdb.io/db/lingodb,https://dbdb.io/media/logos/lingodb_g3JIHlJ.svg,,lingodb
LintDB,https://dbdb.io/db/lintdb,https://dbdb.io/media/logos/lintdb.svg,,lintdb
LiteDB,https://dbdb.io/db/litedb,https://dbdb.io/media/logos/litedb.svg,,litedb
LittleD,https://dbdb.io/db/littled,,,littled
LlamaDB,https://dbdb.io/db/llamadb,,,llamadb
LMDB,https://dbdb.io/db/lmdb,https://dbdb.io/media/logos/lmdb.svg,,lmdb
LocalSQL,https://dbdb.io/db/localsql,https://dbdb.io/media/logos/localsql.jpg.40x40_q85.jpg,,localsql
LocustDB,https://dbdb.io/db/locustdb,https://dbdb.io/media/logos/locustdb.png.40x40_q85.png,,locustdb
LogosDB,https://dbdb.io/db/logosdb,https://dbdb.io/media/logos/logosdb.png.40x40_q85.png,,logosdb
LokiJS,https://dbdb.io/db/lokijs,https://dbdb.io/media/logos/lokijs.png.40x40_q85.png,,lokijs
LokiVector,https://dbdb.io/db/lokivector,,,lokivector
LonaDB,https://dbdb.io/db/lonadb,https://dbdb.io/media/logos/lonadb.svg,,lonadb
LotusDB,https://dbdb.io/db/lotusdb,https://dbdb.io/media/logos/lotusdb.png.40x40_q85.png,,lotusdb
Lovefield,https://dbdb.io/db/lovefield,https://dbdb.io/media/logos/lovefield.png.40x40_q85.png,,lovefield
LowDB,https://dbdb.io/db/lowdb,,,lowdb
Lucene,https://dbdb.io/db/lucene,https://dbdb.io/media/logos/apache-lucene.svg,,lucene
LucidDB,https://dbdb.io/db/luciddb,https://dbdb.io/media/logos/luciddb_Z1MRu61.png.40x40_q85.png,,luciddb
LungoDB,https://dbdb.io/db/lungodb,https://dbdb.io/media/logos/lungodb.png.40x40_q85.png,,lungodb
M3DB,https://dbdb.io/db/m3db,https://dbdb.io/media/logos/m3db.svg,,m3db
Magma,https://dbdb.io/db/magma,https://dbdb.io/media/logos/magma.png.40x40_q85.png,,magma
MangoDB,https://dbdb.io/db/mangodb,https://dbdb.io/media/logos/mangodb.png.40x40_q85.png,,mangodb
Manticore Search,https://dbdb.io/db/manticore-search,https://dbdb.io/media/logos/manticoresearch.svg,,manticore-search
MapDB,https://dbdb.io/db/mapdb,https://dbdb.io/media/logos/mapdb.png.40x40_q85.png,,mapdb
MarcelloDB,https://dbdb.io/db/marcellodb,https://dbdb.io/media/logos/marcellodb.svg,,marcellodb
MariaDB,https://dbdb.io/db/mariadb,https://dbdb.io/media/logos/mariadb2023.svg,,mariadb
Mariposa,https://dbdb.io/db/mariposa,https://dbdb.io/media/logos/mariposa.png.40x40_q85.png,,mariposa
Marqo,https://dbdb.io/db/marqo,https://dbdb.io/media/logos/marqo.svg,,marqo
MatrixOne,https://dbdb.io/db/matrixone,https://dbdb.io/media/logos/matrixone2023.png.40x40_q85.png,,matrixone
mcdb,https://dbdb.io/db/mcdb,,,mcdb
Mckoi SQL Database,https://dbdb.io/db/mckoi-sql-database,https://dbdb.io/media/logos/mckoi.png.40x40_q85.png,,mckoi-sql-database
Meilisearch,https://dbdb.io/db/meilisearch,https://dbdb.io/media/logos/meilisearch.svg,,meilisearch
Memcached,https://dbdb.io/db/memcached,https://dbdb.io/media/logos/memcached2021.svg,,memcached
MemCP,https://dbdb.io/db/memcp,https://dbdb.io/media/logos/memcp.svg,,memcp
Memgraph,https://dbdb.io/db/memgraph,https://dbdb.io/media/logos/memgraph.svg,,memgraph
Memstate,https://dbdb.io/db/memstate,https://dbdb.io/media/logos/memstate.png.40x40_q85.png,,memstate
Mentat,https://dbdb.io/db/mentat,https://dbdb.io/media/logos/mentat.png.40x40_q85.png,,mentat
MenteDB,https://dbdb.io/db/mentedb,https://dbdb.io/media/logos/mentedb.svg,,mentedb
MetalBase,https://dbdb.io/db/metalbase,https://dbdb.io/media/logos/metalbase.svg,,metalbase
Milvus,https://dbdb.io/db/milvus,https://dbdb.io/media/logos/milvus.svg,,milvus
Mimir,https://dbdb.io/db/mimir,https://dbdb.io/media/logos/mimir.svg,,mimir
mkdb,https://dbdb.io/db/mkdb,,,mkdb
MLDB,https://dbdb.io/db/mldb,https://dbdb.io/media/logos/mldbai.png.40x40_q85.png,,mldb
MMKV,https://dbdb.io/db/mmkv,https://dbdb.io/media/logos/mmkv.png.40x40_q85.png,,mmkv
Mnesia,https://dbdb.io/db/mnesia,https://dbdb.io/media/logos/mnesia.png.40x40_q85.png,,mnesia
mnestic,https://dbdb.io/db/mnestic,https://dbdb.io/media/logos/mnestic.svg,,mnestic
MobyDB,https://dbdb.io/db/mobydb,https://dbdb.io/media/logos/mobydb.svg,,mobydb
ModeShape,https://dbdb.io/db/modeshape,https://dbdb.io/media/logos/modeshape.png.40x40_q85.png,,modeshape
Mondrian,https://dbdb.io/db/mondrian,https://dbdb.io/media/logos/modrian.png.40x40_q85.png,,mondrian
MonetDB,https://dbdb.io/db/monetdb,https://dbdb.io/media/logos/monetdb.png.40x40_q85.png,,monetdb
MongoDB,https://dbdb.io/db/mongodb,https://dbdb.io/media/logos/mongodb-2023.svg,,mongodb
Monotone,https://dbdb.io/db/monotone,https://dbdb.io/media/logos/monotone.svg,,monotone
Mulgara,https://dbdb.io/db/mulgara,https://dbdb.io/media/logos/mulgara.png.40x40_q85.png,,mulgara
Multigres,https://dbdb.io/db/multigres,https://dbdb.io/media/logos/multigres.svg,,multigres
MuopDB,https://dbdb.io/db/muopdb,,,muopdb
mutable,https://dbdb.io/db/mutable,https://dbdb.io/media/logos/mutable.svg,,mutable
MyScaleDB,https://dbdb.io/db/myscaledb,https://dbdb.io/media/logos/myscaledb.svg,,myscaledb
MySQL,https://dbdb.io/db/mysql,https://dbdb.io/media/logos/MySQL.svg,,mysql
NamiDB,https://dbdb.io/db/namidb,https://dbdb.io/media/logos/namidb.png.40x40_q85.png,,namidb
Nanolat,https://dbdb.io/db/nanolat,,,nanolat
NarayanaDB,https://dbdb.io/db/narayanadb,https://dbdb.io/media/logos/narayanadb.svg,,narayanadb
NCache,https://dbdb.io/db/ncache,https://dbdb.io/media/logos/ncache.svg,,ncache
NDatabase,https://dbdb.io/db/ndatabase,https://dbdb.io/media/logos/ndatabase.png.40x40_q85.png,,ndatabase
NDB Cluster,https://dbdb.io/db/ndb-cluster,,,ndb-cluster
Nebula Graph,https://dbdb.io/db/nebula-graph,https://dbdb.io/media/logos/nebulagraph_YYWOJIX.png.40x40_q85.png,,nebula-graph
NeDB,https://dbdb.io/db/nedb,https://dbdb.io/media/logos/nedb.png.40x40_q85.png,,nedb
NEO,https://dbdb.io/db/neo,https://dbdb.io/media/logos/neo.png.40x40_q85.png,,neo
Neo4j,https://dbdb.io/db/neo4j,https://dbdb.io/media/logos/neo4j.svg,,neo4j
NeoDatis ODB,https://dbdb.io/db/neodatis-odb,https://dbdb.io/media/logos/neodatis.png.40x40_q85.png,,neodatis-odb
Neon,https://dbdb.io/db/neon,https://dbdb.io/media/logos/neon.svg,,neon
nessDB,https://dbdb.io/db/nessdb,https://dbdb.io/media/logos/nessdb.png.40x40_q85.png,,nessdb
Neug,https://dbdb.io/db/neug,https://dbdb.io/media/logos/neug.svg,,neug
Nitrite,https://dbdb.io/db/nitrite,https://dbdb.io/media/logos/nitrite2023.svg,,nitrite
NodeDB,https://dbdb.io/db/nodedb,https://dbdb.io/media/logos/nodedb.svg,,nodedb
NoisePage,https://dbdb.io/db/noisepage,https://dbdb.io/media/logos/noisepage-horizontal.svg,,noisepage
NoKV,https://dbdb.io/db/nokv,https://dbdb.io/media/logos/nokv.svg,,nokv
Noms,https://dbdb.io/db/noms,https://dbdb.io/media/logos/noms-db.svg,,noms
NornicDB,https://dbdb.io/db/nornicdb,https://dbdb.io/media/logos/nornicdb.svg,,nornicdb
NosDB,https://dbdb.io/db/nosdb,https://dbdb.io/media/logos/nosdb.png.40x40_q85.png,,nosdb
nubmq,https://dbdb.io/db/nubmq,https://dbdb.io/media/logos/nubmq.svg,,nubmq
NucliaDB,https://dbdb.io/db/nucliadb,https://dbdb.io/media/logos/nucliadb.svg,,nucliadb
NuDB,https://dbdb.io/db/nudb,https://dbdb.io/media/logos/nudb_i52u7II.png.40x40_q85.png,,nudb
Numstore,https://dbdb.io/db/numstore,https://dbdb.io/media/logos/numstore.png.40x40_q85.png,,numstore
NunDB,https://dbdb.io/db/nundb,https://dbdb.io/media/logos/nundb.svg,,nundb
NutsDB,https://dbdb.io/db/nutsdb,https://dbdb.io/media/logos/nutsdb-2021.png.40x40_q85.png,,nutsdb
OasysDB,https://dbdb.io/db/oasysdb,https://dbdb.io/media/logos/oasysdb.png.40x40_q85.png,,oasysdb
ObjectBox,https://dbdb.io/db/objectbox,https://dbdb.io/media/logos/objectbox.png.40x40_q85.png,,objectbox
OceanBase,https://dbdb.io/db/oceanbase,https://dbdb.io/media/logos/oceanbase_logo_-_2023.png.40x40_q85.png,,oceanbase
Ocelot,https://dbdb.io/db/ocelot,https://dbdb.io/media/logos/ocelot.png.40x40_q85.png,,ocelot
OctaneDB,https://dbdb.io/db/octanedb,https://dbdb.io/media/logos/octanedb.png.40x40_q85.png,,octanedb
OctoSQL,https://dbdb.io/db/octosql,https://dbdb.io/media/logos/octosql.png.40x40_q85.png,,octosql
ODABA,https://dbdb.io/db/odaba,https://dbdb.io/media/logos/odaba.png.40x40_q85.png,,odaba
OlegDB,https://dbdb.io/db/olegdb,https://dbdb.io/media/logos/olegdb.svg,,olegdb
openGemini,https://dbdb.io/db/opengemini,https://dbdb.io/media/logos/opengemini.svg,,opengemini
open-gpdb,https://dbdb.io/db/open-gpdb,,,open-gpdb
OpenMLDB,https://dbdb.io/db/openmldb,https://dbdb.io/media/logos/openmldb.png.40x40_q85.png,,openmldb
OpenQM,https://dbdb.io/db/openqm,https://dbdb.io/media/logos/openqm.png.40x40_q85.png,,openqm
OpenSearch,https://dbdb.io/db/opensearch,https://dbdb.io/media/logos/opensearch.svg,,opensearch
OpenTSDB,https://dbdb.io/db/opentsdb,https://dbdb.io/media/logos/opentsdb.svg,,opentsdb
OpenViking,https://dbdb.io/db/openviking,https://dbdb.io/media/logos/openviking.svg,,openviking
Opteryx,https://dbdb.io/db/opteryx,https://dbdb.io/media/logos/opteryx.svg,,opteryx
Oracle NoSQL,https://dbdb.io/db/oracle-nosql,https://dbdb.io/media/logos/oracle-nosql.png.40x40_q85.png,,oracle-nosql
OrbitDB,https://dbdb.io/db/orbitdb,https://dbdb.io/media/logos/orbitdb2022.png.40x40_q85.png,,orbitdb
OrientDB,https://dbdb.io/db/orientdb,https://dbdb.io/media/logos/orientdb.svg,,orientdb
OrigoDB,https://dbdb.io/db/origodb,https://dbdb.io/media/logos/origodb.png.40x40_q85.png,,origodb
OrioleDB,https://dbdb.io/db/orioledb,https://dbdb.io/media/logos/orioledb.svg,,orioledb
Oxia,https://dbdb.io/db/oxia,https://dbdb.io/media/logos/oxia.png.40x40_q85.png,,oxia
OxidSQL,https://dbdb.io/db/oxidsql,https://dbdb.io/media/logos/oxidsql.png.40x40_q85.png,,oxidsql
Oxigraph,https://dbdb.io/db/oxigraph,https://dbdb.io/media/logos/oxigraph.svg,,oxigraph
Pail,https://dbdb.io/db/pail,https://dbdb.io/media/logos/pail.png.40x40_q85.png,,pail
PalDB,https://dbdb.io/db/paldb,,,paldb
Paper,https://dbdb.io/db/paper,https://dbdb.io/media/logos/paper.png.40x40_q85.png,,paper
ParadeDB,https://dbdb.io/db/paradedb,https://dbdb.io/media/logos/paradedb2024.svg,,paradedb
PearlDB,https://dbdb.io/db/pearldb,,,pearldb
Pebble,https://dbdb.io/db/pebble,https://dbdb.io/media/logos/pebble.svg,,pebble
Percona Server,https://dbdb.io/db/percona-server,https://dbdb.io/media/logos/percona-mysql.png.40x40_q85.png,,percona-server
Perst,https://dbdb.io/db/perst,https://dbdb.io/media/logos/perst.svg,,perst
Phoenix,https://dbdb.io/db/phoenix,https://dbdb.io/media/logos/apache-phoenix.svg,,phoenix
PhotonDB,https://dbdb.io/db/photondb,https://dbdb.io/media/logos/photondb.svg,,photondb
pickleDB,https://dbdb.io/db/pickledb,https://dbdb.io/media/logos/pickledb.png.40x40_q85.png,,pickledb
PicoDB,https://dbdb.io/db/picodb,,,picodb
picoSQL,https://dbdb.io/db/picosql,https://dbdb.io/media/logos/picosql.png.40x40_q85.png,,picosql
Pika,https://dbdb.io/db/pika,https://dbdb.io/media/logos/pika.svg,,pika
piladb,https://dbdb.io/db/piladb,https://dbdb.io/media/logos/piladb.png.40x40_q85.png,,piladb
Pilosa,https://dbdb.io/db/pilosa,https://dbdb.io/media/logos/pilosa.svg,,pilosa
Pincaster,https://dbdb.io/db/pincaster,https://dbdb.io/media/logos/pincaster.png.40x40_q85.png,,pincaster
Pinot,https://dbdb.io/db/pinot,https://dbdb.io/media/logos/pinot-horizontal.svg,,pinot
PinusDB,https://dbdb.io/db/pinusdb,https://dbdb.io/media/logos/pinusdb.png.40x40_q85.png,,pinusdb
PipelineDB,https://dbdb.io/db/pipelinedb,https://dbdb.io/media/logos/pipelineDB.svg,,pipelinedb
PocketBase,https://dbdb.io/db/pocketbase,https://dbdb.io/media/logos/pocketbase.svg,,pocketbase
Pogocache,https://dbdb.io/db/pogocache,https://dbdb.io/media/logos/pogocache.png.40x40_q85.png,,pogocache
Pogreb,https://dbdb.io/db/pogreb,https://dbdb.io/media/logos/pogreb.svg,,pogreb
Polars,https://dbdb.io/db/polars,https://dbdb.io/media/logos/polars2024.svg,,polars
PoloDB,https://dbdb.io/db/polodb,https://dbdb.io/media/logos/polodb.svg,,polodb
Polypheny,https://dbdb.io/db/polypheny,https://dbdb.io/media/logos/polyphony.svg,,polypheny
PostgreSQL,https://dbdb.io/db/postgresql,https://dbdb.io/media/logos/postgres-horizontal.svg,,postgresql
PouchDB,https://dbdb.io/db/pouchdb,https://dbdb.io/media/logos/pouchdb-full.svg,,pouchdb
PranaDB,https://dbdb.io/db/pranadb,,,pranadb
Predator,https://dbdb.io/db/predator,https://dbdb.io/media/logos/predator.png.40x40_q85.png,,predator
PrestoDB,https://dbdb.io/db/prestodb,https://dbdb.io/media/logos/presto.svg,,prestodb
ProfaneDB,https://dbdb.io/db/profanedb,https://dbdb.io/media/logos/profanedb.svg,,profanedb
Prometheus,https://dbdb.io/db/prometheus,https://dbdb.io/media/logos/prometheus_7OR7lOu.svg,,prometheus
Proton,https://dbdb.io/db/proton,https://dbdb.io/media/logos/proton.svg,,proton
PuffinDB,https://dbdb.io/db/puffindb,https://dbdb.io/media/logos/puffindb.svg,,puffindb
PumpkinDB,https://dbdb.io/db/pumpkindb,https://dbdb.io/media/logos/pumpkindb.svg,,pumpkindb
PupDB,https://dbdb.io/db/pupdb,https://dbdb.io/media/logos/pupdb.png.40x40_q85.png,,pupdb
PysonDB,https://dbdb.io/db/pysondb,https://dbdb.io/media/logos/pysondb.png.40x40_q85.png,,pysondb
qikkDB,https://dbdb.io/db/qikkdb,https://dbdb.io/media/logos/qikkdb.svg,,qikkdb
ql,https://dbdb.io/db/ql,https://dbdb.io/media/logos/ql.svg,,ql
qlever,https://dbdb.io/db/qlever,https://dbdb.io/media/logos/qlever.svg,,qlever
Qserv,https://dbdb.io/db/qserv,https://dbdb.io/media/logos/qserv.png.40x40_q85.png,,qserv
Quadrable,https://dbdb.io/db/quadrable,https://dbdb.io/media/logos/quadrable.svg,,quadrable
QuestDB,https://dbdb.io/db/questdb,https://dbdb.io/media/logos/questdb.svg,,questdb
Quickstep,https://dbdb.io/db/quickstep,https://dbdb.io/media/logos/quickstep.png.40x40_q85.png,,quickstep
Quickwit,https://dbdb.io/db/quickwit,https://dbdb.io/media/logos/quickwit.svg,,quickwit
QuineDB,https://dbdb.io/db/quinedb,https://dbdb.io/media/logos/quinedb.png.40x40_q85.png,,quinedb
Quokka,https://dbdb.io/db/quokka,https://dbdb.io/media/logos/quokka.svg,,quokka
RadonDB,https://dbdb.io/db/radondb,https://dbdb.io/media/logos/radondb.png.40x40_q85.png,,radondb
RageDB,https://dbdb.io/db/ragedb,https://dbdb.io/media/logos/ragedb.png.40x40_q85.png,,ragedb
RamSQL,https://dbdb.io/db/ramsql,https://dbdb.io/media/logos/ramsql.svg,,ramsql
Raphtory,https://dbdb.io/db/raphtory,https://dbdb.io/media/logos/raphtory.png.40x40_q85.png,,raphtory
RaptorDB,https://dbdb.io/db/raptordb,https://dbdb.io/media/logos/raptordb.png.40x40_q85.png,,raptordb
Rasdaman,https://dbdb.io/db/rasdaman,https://dbdb.io/media/logos/rasdaman.png.40x40_q85.png,,rasdaman
RavenDB,https://dbdb.io/db/ravendb,https://dbdb.io/media/logos/ravendb2023.svg,,ravendb
RayforceDB,https://dbdb.io/db/rayforcedb,https://dbdb.io/media/logos/rayforcedb.png.40x40_q85.png,,rayforcedb
Realm,https://dbdb.io/db/realm,https://dbdb.io/media/logos/realm.svg,,realm
redb,https://dbdb.io/db/redb,https://dbdb.io/media/logos/redb.svg,,redb
Redcon,https://dbdb.io/db/redcon,https://dbdb.io/media/logos/redcon.png.40x40_q85.png,,redcon
Redict,https://dbdb.io/db/redict,https://dbdb.io/media/logos/redict.svg,,redict
Redis,https://dbdb.io/db/redis,https://dbdb.io/media/logos/redis2024_cVIeVIU.svg,,redis
RedisGraph,https://dbdb.io/db/redisgraph,https://dbdb.io/media/logos/redisgraph.svg,,redisgraph
RediSQL,https://dbdb.io/db/redisql,https://dbdb.io/media/logos/redisql.png.40x40_q85.png,,redisql
RedixDB,https://dbdb.io/db/redixdb,https://dbdb.io/media/logos/redixdb.svg,,redixdb
RedoxQL,https://dbdb.io/db/redoxql,https://dbdb.io/media/logos/redoxql.png.40x40_q85.png,,redoxql
RedStore,https://dbdb.io/db/redstore,https://dbdb.io/media/logos/redstore.png.40x40_q85.png,,redstore
ReductStore,https://dbdb.io/db/reductstore,https://dbdb.io/media/logos/reductstore.png.40x40_q85.png,,reductstore
Redwood,https://dbdb.io/db/redwood,https://dbdb.io/media/logos/redwood.svg,,redwood
RefineDB,https://dbdb.io/db/refinedb,,,refinedb
ReifyDB,https://dbdb.io/db/reifydb,https://dbdb.io/media/logos/reifydb_YGO3ZVp.svg,,reifydb
Rel,https://dbdb.io/db/rel,https://dbdb.io/media/logos/rel.png.40x40_q85.png,,rel
RelationalCloud,https://dbdb.io/db/relationalcloud,https://dbdb.io/media/logos/relationalcloud_4T8PJxr.png.40x40_q85.png,,relationalcloud
Relatude.DB,https://dbdb.io/db/relatudedb,,,relatudedb
Relaxo,https://dbdb.io/db/relaxo,https://dbdb.io/media/logos/relaxo.svg,,relaxo
ResilientDB,https://dbdb.io/db/resilientdb,https://dbdb.io/media/logos/apache-resilientdb.svg,,resilientdb
RethinkDB,https://dbdb.io/db/rethinkdb,https://dbdb.io/media/logos/rethinkdb.svg,,rethinkdb
RexDB,https://dbdb.io/db/rexdb,https://dbdb.io/media/logos/rexdb.png.40x40_q85.png,,rexdb
RhizomeDB,https://dbdb.io/db/rhizomedb,https://dbdb.io/media/logos/rhizomedb.png.40x40_q85.png,,rhizomedb
Riak,https://dbdb.io/db/riak,https://dbdb.io/media/logos/riak.svg,,riak
Riffle,https://dbdb.io/db/riffle,,,riffle
RisingLight,https://dbdb.io/db/risinglight,https://dbdb.io/media/logos/risinglight.png.40x40_q85.png,,risinglight
RisingWave,https://dbdb.io/db/risingwave,https://dbdb.io/media/logos/RisingWave.png.40x40_q85.png,,risingwave
RocksDB,https://dbdb.io/db/rocksdb,https://dbdb.io/media/logos/rocksdb.svg,,rocksdb
ROMA,https://dbdb.io/db/roma,https://dbdb.io/media/logos/roma.png.40x40_q85.png,,roma
RonDB,https://dbdb.io/db/rondb,https://dbdb.io/media/logos/rondb.svg,,rondb
RoseDB,https://dbdb.io/db/rosedb,https://dbdb.io/media/logos/rosedb.png.40x40_q85.png,,rosedb
rqlite,https://dbdb.io/db/rqlite,https://dbdb.io/media/logos/rqlite.svg,,rqlite
RxDB,https://dbdb.io/db/rxdb,https://dbdb.io/media/logos/rxdb.svg,,rxdb
Rya,https://dbdb.io/db/rya,https://dbdb.io/media/logos/rya.svg,,rya
SableDb,https://dbdb.io/db/sabledb,https://dbdb.io/media/logos/sabledb_97BN3wR.svg,,sabledb
Salvobase,https://dbdb.io/db/salvobase,,,salvobase
Sanakirja,https://dbdb.io/db/sanakirja,,,sanakirja
SapphireDb,https://dbdb.io/db/sapphiredb,https://dbdb.io/media/logos/sapphiredb.svg,,sapphiredb
Satori,https://dbdb.io/db/satori,https://dbdb.io/media/logos/satori.png.40x40_q85.png,,satori
sboxdb,https://dbdb.io/db/sboxdb,,,sboxdb
ScalarDB,https://dbdb.io/db/scalardb,https://dbdb.io/media/logos/scalardb.svg,,scalardb
Scalaris,https://dbdb.io/db/scalaris,https://dbdb.io/media/logos/scalaris.svg,,scalaris
ScalienDB,https://dbdb.io/db/scaliendb,https://dbdb.io/media/logos/scalien.png.40x40_q85.png,,scaliendb
SchemaJS,https://dbdb.io/db/schemajs,https://dbdb.io/media/logos/schemajs.png.40x40_q85.png,,schemajs
SciDB,https://dbdb.io/db/scidb,https://dbdb.io/media/logos/scidb.svg,,scidb
ScratchDB,https://dbdb.io/db/scratchdb,https://dbdb.io/media/logos/scratchdb.svg,,scratchdb
Scylla,https://dbdb.io/db/scylla,https://dbdb.io/media/logos/scylla.svg,,scylla
SDB,https://dbdb.io/db/sdb,,,sdb
Seafowl,https://dbdb.io/db/seafowl,https://dbdb.io/media/logos/seafowl.svg,,seafowl
Sedna,https://dbdb.io/db/sedna,https://dbdb.io/media/logos/sedna.png.40x40_q85.png,,sedna
SeekDB,https://dbdb.io/db/seekdb,https://dbdb.io/media/logos/seekdb.svg,,seekdb
SenseiDB,https://dbdb.io/db/senseidb,https://dbdb.io/media/logos/senseidb.jpg.40x40_q85.jpg,,senseidb
Sequins,https://dbdb.io/db/sequins,https://dbdb.io/media/logos/sequins.png.40x40_q85.png,,sequins
SequoiaDB,https://dbdb.io/db/sequoiadb,https://dbdb.io/media/logos/sequoiadb.png.40x40_q85.png,,sequoiadb
Serenity,https://dbdb.io/db/serenity,https://dbdb.io/media/logos/serenitydb.png.40x40_q85.png,,serenity
Sesame,https://dbdb.io/db/sesame,https://dbdb.io/media/logos/sesame.png.40x40_q85.png,,sesame
ShannonBase,https://dbdb.io/db/shannonbase,https://dbdb.io/media/logos/shannonbase.svg,,shannonbase
ShardingSphere,https://dbdb.io/db/shardingsphere,https://dbdb.io/media/logos/shardingsphere.png.40x40_q85.png,,shardingsphere
Shore,https://dbdb.io/db/shore,,,shore
Shore-MT,https://dbdb.io/db/shore-mt,,,shore-mt
shsql,https://dbdb.io/db/shsql,https://dbdb.io/media/logos/shsql.png.40x40_q85.png,,shsql
SignalDB,https://dbdb.io/db/signaldb,https://dbdb.io/media/logos/signaldb.svg,,signaldb
Silo,https://dbdb.io/db/silo,,,silo
Sir.DB,https://dbdb.io/db/sirdb,https://dbdb.io/media/logos/sirdb.svg,,sirdb
SiriDB,https://dbdb.io/db/siridb,https://dbdb.io/media/logos/siridb.svg,,siridb
Sirius,https://dbdb.io/db/sirius,https://dbdb.io/media/logos/sirius.svg,,sirius
SirixDB,https://dbdb.io/db/sirixdb,https://dbdb.io/media/logos/sirixdb.svg,,sirixdb
Skeg,https://dbdb.io/db/skeg,https://dbdb.io/media/logos/skeg.png.40x40_q85.png,,skeg
SkeletonDB,https://dbdb.io/db/skeletondb,,,skeletondb
Sklad,https://dbdb.io/db/sklad,https://dbdb.io/media/logos/sklad.svg,,sklad
SKSQL,https://dbdb.io/db/sksql,https://dbdb.io/media/logos/sksql.png.40x40_q85.png,,sksql
SkyDB,https://dbdb.io/db/skydb,,,skydb
Skyrise,https://dbdb.io/db/skyrise,https://dbdb.io/media/logos/skyrise_logo.png.40x40_q85.png,,skyrise
Skytable,https://dbdb.io/db/skytable,https://dbdb.io/media/logos/skytable.svg,,skytable
SlateDB,https://dbdb.io/db/slatedb,https://dbdb.io/media/logos/slatedb.svg,,slatedb
Sled,https://dbdb.io/db/sled,https://dbdb.io/media/logos/sled.svg,,sled
SleekDB,https://dbdb.io/db/sleekdb,https://dbdb.io/media/logos/sleekdb_2WSiY02.png.40x40_q85.png,,sleekdb
SlothDB,https://dbdb.io/db/slothdb,https://dbdb.io/media/logos/slothdb.svg,,slothdb
Slumber DB,https://dbdb.io/db/slumber-db,,,slumber-db
SmallSQL,https://dbdb.io/db/smallsql,https://dbdb.io/media/logos/smallsql.png.40x40_q85.png,,smallsql
Sneller,https://dbdb.io/db/sneller,https://dbdb.io/media/logos/sneller.svg,,sneller
SochDB,https://dbdb.io/db/sochdb,https://dbdb.io/media/logos/sochdb.png.40x40_q85.png,,sochdb
SolarSystemDB,https://dbdb.io/db/solarsystemdb,https://dbdb.io/media/logos/solarsystemdb.svg,,solarsystemdb
SoloDB,https://dbdb.io/db/solodb,https://dbdb.io/media/logos/solodb.svg,,solodb
Solr,https://dbdb.io/db/solr,https://dbdb.io/media/logos/apache-solr.svg,,solr
sones GraphDB,https://dbdb.io/db/sones-graphdb,https://dbdb.io/media/logos/sones.png.40x40_q85.png,,sones-graphdb
Sonnerie,https://dbdb.io/db/sonnerie,,,sonnerie
Sophia,https://dbdb.io/db/sophia,https://dbdb.io/media/logos/sophia.png.40x40_q85.png,,sophia
SpacetimeDB,https://dbdb.io/db/spacetimedb,https://dbdb.io/media/logos/spacetimedb.svg,,spacetimedb
Sparkey,https://dbdb.io/db/sparkey,,,sparkey
Sparksee,https://dbdb.io/db/sparksee,https://dbdb.io/media/logos/sparksee.png.40x40_q85.png,,sparksee
Spark SQL,https://dbdb.io/db/spark-sql,https://dbdb.io/media/logos/spark-logo.svg,,spark-sql
SparrowDB,https://dbdb.io/db/sparrowdb,https://dbdb.io/media/logos/sparrowdb.png.40x40_q85.png,,sparrowdb
Speedy,https://dbdb.io/db/speedy,https://dbdb.io/media/logos/speedy.jpg.40x40_q85.jpg,,speedy
Sphinx,https://dbdb.io/db/sphinx,https://dbdb.io/media/logos/sphinx.png.40x40_q85.png,,sphinx
SpiceDB,https://dbdb.io/db/spicedb,https://dbdb.io/media/logos/spicedb2024.svg,,spicedb
Splice Machine,https://dbdb.io/db/splice-machine,https://dbdb.io/media/logos/splice-machine.svg,,splice-machine
SplinterDB,https://dbdb.io/db/splinterdb,https://dbdb.io/media/logos/splinterdb.svg,,splinterdb
SQLite,https://dbdb.io/db/sqlite,https://dbdb.io/media/logos/SQLite.svg,,sqlite
Squirreling,https://dbdb.io/db/squirreling,,,squirreling
SRCH²,https://dbdb.io/db/srch2,https://dbdb.io/media/logos/srch2.png.40x40_q85.png,,srch2
SSDB,https://dbdb.io/db/ssdb,https://dbdb.io/media/logos/ssdb.png.40x40_q85.png,,ssdb
StarRocks,https://dbdb.io/db/starrocks,https://dbdb.io/media/logos/starrocks.svg,,starrocks
Starskey,https://dbdb.io/db/starskey,https://dbdb.io/media/logos/starskey.png.40x40_q85.png,,starskey
StellarSQL,https://dbdb.io/db/stellarsql,https://dbdb.io/media/logos/stellarsql.png.40x40_q85.png,,stellarsql
StereoDB,https://dbdb.io/db/stereodb,https://dbdb.io/media/logos/stereodb.png.40x40_q85.png,,stereodb
Stig,https://dbdb.io/db/stig,https://dbdb.io/media/logos/stig.png.40x40_q85.png,,stig
StoneDB,https://dbdb.io/db/stonedb,https://dbdb.io/media/logos/stonedb.svg,,stonedb
Stoolap,https://dbdb.io/db/stoolap,https://dbdb.io/media/logos/stoolap.svg,,stoolap
StormiDB,https://dbdb.io/db/stormidb,,,stormidb
Strabon,https://dbdb.io/db/strabon,https://dbdb.io/media/logos/strabon.png.40x40_q85.png,,strabon
StrixDB,https://dbdb.io/db/strixdb,https://dbdb.io/media/logos/strixdb.png.40x40_q85.png,,strixdb
Strozzi NoSQL,https://dbdb.io/db/strozzi-nosql,https://dbdb.io/media/logos/strozzi-nosql.jpg.40x40_q85.jpg,,strozzi-nosql
STSdb,https://dbdb.io/db/stsdb,https://dbdb.io/media/logos/stsdb.png.40x40_q85.png,,stsdb
SummitDB,https://dbdb.io/db/summitdb,https://dbdb.io/media/logos/summitdb.png.40x40_q85.png,,summitdb
SurrealDB,https://dbdb.io/db/surrealdb,https://dbdb.io/media/logos/surrealdb.svg,,surrealdb
SwayDB,https://dbdb.io/db/swaydb,https://dbdb.io/media/logos/swaydb.png.40x40_q85.png,,swaydb
SWC-DB,https://dbdb.io/db/swc-db,https://dbdb.io/media/logos/swcdb.png.40x40_q85.png,,swc-db
SwellDB,https://dbdb.io/db/swelldb,https://dbdb.io/media/logos/swelldb.png.40x40_q85.png,,swelldb
SylvaDB,https://dbdb.io/db/sylvadb,https://dbdb.io/media/logos/sylva.png.40x40_q85.png,,sylvadb
SylvieJS,https://dbdb.io/db/sylviejs,,,sylviejs
System G,https://dbdb.io/db/system-g,https://dbdb.io/media/logos/systemg.jpg.40x40_q85.jpg,,system-g
TabDB,https://dbdb.io/db/tabdb,https://dbdb.io/media/logos/tabdb.png.40x40_q85.png,,tabdb
TaffyDB,https://dbdb.io/db/taffydb,https://dbdb.io/media/logos/taffydb.svg,,taffydb
Tajo,https://dbdb.io/db/tajo,https://dbdb.io/media/logos/tajo_yTNEy2g.svg,,tajo
Tantivy,https://dbdb.io/db/tantivy,https://dbdb.io/media/logos/tantivy.png.40x40_q85.png,,tantivy
Tarantool,https://dbdb.io/db/tarantool,https://dbdb.io/media/logos/tarantool.png.40x40_q85.png,,tarantool
TayzGrid,https://dbdb.io/db/tayzgrid,https://dbdb.io/media/logos/tayzgrid.png.40x40_q85.png,,tayzgrid
TDengine,https://dbdb.io/db/tdengine,https://dbdb.io/media/logos/tdengine_26WLUd9.svg,,tdengine
Tendis,https://dbdb.io/db/tendis,https://dbdb.io/media/logos/tendis.svg,,tendis
TensorBase,https://dbdb.io/db/tensorbase,https://dbdb.io/media/logos/tensorbase.png.40x40_q85.png,,tensorbase
Tera,https://dbdb.io/db/tera,,,tera
TerarkDB,https://dbdb.io/db/terarkdb,https://dbdb.io/media/logos/terark.png.40x40_q85.png,,terarkdb
TerminusDB,https://dbdb.io/db/terminusdb,https://dbdb.io/media/logos/terminusdb.png.40x40_q85.png,,terminusdb
Terrastore,https://dbdb.io/db/terrastore,https://dbdb.io/media/logos/terrastore.png.40x40_q85.png,,terrastore
ThinkSQL,https://dbdb.io/db/thinksql,https://dbdb.io/media/logos/thinksql.jpg.40x40_q85.jpg,,thinksql
ThreadDB,https://dbdb.io/db/threaddb,https://dbdb.io/media/logos/threaddb.svg,,threaddb
ThruDB,https://dbdb.io/db/thrudb,https://dbdb.io/media/logos/thrudb.png.40x40_q85.png,,thrudb
TiDB,https://dbdb.io/db/tidb,https://dbdb.io/media/logos/ti-db.svg,,tidb
TidesDB,https://dbdb.io/db/tidesdb,https://dbdb.io/media/logos/tidesdb2024.svg,,tidesdb
tiedot,https://dbdb.io/db/tiedot,https://dbdb.io/media/logos/tiedot.png.40x40_q85.png,,tiedot
TieredMemDB,https://dbdb.io/db/tieredmemdb,https://dbdb.io/media/logos/tieredmemdb.svg,,tieredmemdb
TigerBeetle,https://dbdb.io/db/tigerbeetle,https://dbdb.io/media/logos/tigerbeetle.svg,,tigerbeetle
TiKV,https://dbdb.io/db/tikv,https://dbdb.io/media/logos/tikv_B9WAWbC.png.40x40_q85.png,,tikv
Tile38,https://dbdb.io/db/tile38,https://dbdb.io/media/logos/tile38-2023.svg,,tile38
TileDB,https://dbdb.io/db/tiledb,https://dbdb.io/media/logos/tiledb.svg,,tiledb
Timbala,https://dbdb.io/db/timbala,https://dbdb.io/media/logos/timbala.svg,,timbala
TIMBER,https://dbdb.io/db/timber,https://dbdb.io/media/logos/timber.png.40x40_q85.png,,timber
TingoDB,https://dbdb.io/db/tingodb,https://dbdb.io/media/logos/tingodb.svg,,tingodb
TinyBase,https://dbdb.io/db/tinybase,https://dbdb.io/media/logos/tinybase.svg,,tinybase
TinyDB,https://dbdb.io/db/tinydb-berkeley,https://dbdb.io/media/logos/tinydb-berkeley.png.40x40_q85.png,,tinydb-berkeley
TinyDB,https://dbdb.io/db/tinydb,https://dbdb.io/media/logos/tinydb.svg,,tinydb
tinySQL,https://dbdb.io/db/tinysql,,,tinysql
Titan,https://dbdb.io/db/titan,https://dbdb.io/media/logos/titan_QLbglzz.png.40x40_q85.png,,titan
Titan,https://dbdb.io/db/titan-nosql,,,titan-nosql
Tkrzw,https://dbdb.io/db/tkrzw,https://dbdb.io/media/logos/tkrzw.svg,,tkrzw
TokuDB,https://dbdb.io/db/tokudb,https://dbdb.io/media/logos/tokutek.svg,,tokudb
TokuMX,https://dbdb.io/db/tokumx,https://dbdb.io/media/logos/tokumx.png.40x40_q85.png,,tokumx
Tokyo Cabinet,https://dbdb.io/db/tokyo-cabinet,https://dbdb.io/media/logos/tokyocabinet.png.40x40_q85.png,,tokyo-cabinet
Tokyo Tyrant,https://dbdb.io/db/tokyo-tyrant,,,tokyo-tyrant
TomP2P,https://dbdb.io/db/tomp2p,https://dbdb.io/media/logos/tomp2p.png.40x40_q85.png,,tomp2p
Tonbo,https://dbdb.io/db/tonbo,https://dbdb.io/media/logos/tonbo.svg,,tonbo
TopK,https://dbdb.io/db/topk,https://dbdb.io/media/logos/topk.svg,,topk
ToplingDB,https://dbdb.io/db/toplingdb,https://dbdb.io/media/logos/toplingdb.svg,,toplingdb
ToroDB,https://dbdb.io/db/torodb,https://dbdb.io/media/logos/torodb.png.40x40_q85.png,,torodb
toyDB,https://dbdb.io/db/toydb,https://dbdb.io/media/logos/toydb.svg,,toydb
Trafodion,https://dbdb.io/db/trafodion,https://dbdb.io/media/logos/apache-trafodion.svg,,trafodion
TrailDB,https://dbdb.io/db/traildb,https://dbdb.io/media/logos/traildb.png.40x40_q85.png,,traildb
TransLattice,https://dbdb.io/db/translattice,https://dbdb.io/media/logos/translattice.svg,,translattice
TreodeDB,https://dbdb.io/db/treodedb,https://dbdb.io/media/logos/treodedb.png.40x40_q85.png,,treodedb
Trino,https://dbdb.io/db/trino,https://dbdb.io/media/logos/trino.svg,,trino
Trousseau,https://dbdb.io/db/trousseau,https://dbdb.io/media/logos/trousseau.png.40x40_q85.png,,trousseau
tsink,https://dbdb.io/db/tsink,https://dbdb.io/media/logos/tsink.svg,,tsink
ts-sql,https://dbdb.io/db/ts-sql,https://dbdb.io/media/logos/ts-sql.svg,,ts-sql
TuGraph,https://dbdb.io/db/tugraph,https://dbdb.io/media/logos/tugraph.svg,,tugraph
Turso,https://dbdb.io/db/turso,https://dbdb.io/media/logos/turso.svg,,turso
Twig,https://dbdb.io/db/twig,https://dbdb.io/media/logos/twig.png.40x40_q85.png,,twig
TypeDB,https://dbdb.io/db/typedb,https://dbdb.io/media/logos/typedb.svg,,typedb
Typhon,https://dbdb.io/db/typhon,https://dbdb.io/media/logos/typhon.svg,,typhon
Typhoon,https://dbdb.io/db/typhoon,,,typhoon
UnisonDB,https://dbdb.io/db/unisondb,https://dbdb.io/media/logos/unisondb.svg,,unisondb
UnQLite,https://dbdb.io/db/unqlite,https://dbdb.io/media/logos/unqlite.png.40x40_q85.png,,unqlite
upscaledb,https://dbdb.io/db/upscaledb,https://dbdb.io/media/logos/upscaledb.svg,,upscaledb
Vald,https://dbdb.io/db/vald,https://dbdb.io/media/logos/vald.svg,,vald
Valkey,https://dbdb.io/db/valkey,https://dbdb.io/media/logos/valkey2026.svg,,valkey
Valthree,https://dbdb.io/db/valthree,,,valthree
VanillaDB,https://dbdb.io/db/vanilladb,https://dbdb.io/media/logos/vanilladb.svg,,vanilladb
Vearch,https://dbdb.io/db/vearch,https://dbdb.io/media/logos/vearch.svg,,vearch
vecdb,https://dbdb.io/db/vecdb,,,vecdb
VectorDB,https://dbdb.io/db/vectordb,https://dbdb.io/media/logos/vectordb.png.40x40_q85.png,,vectordb
VectorDB,https://dbdb.io/db/vectordb-kagi,https://dbdb.io/media/logos/vectordb2.svg,,vectordb-kagi
VectorSQL,https://dbdb.io/db/vectorsql,https://dbdb.io/media/logos/vectorsql.svg,,vectorsql
VelarixDB,https://dbdb.io/db/velarixdb,https://dbdb.io/media/logos/velarixdb.svg,,velarixdb
Velox,https://dbdb.io/db/velox,https://dbdb.io/media/logos/velox.svg,,velox
VeloxDB,https://dbdb.io/db/veloxdb,https://dbdb.io/media/logos/veloxdb.svg,,veloxdb
Venice,https://dbdb.io/db/venice,https://dbdb.io/media/logos/venicedb.svg,,venice
VennDB,https://dbdb.io/db/venndb,https://dbdb.io/media/logos/venndb.svg,,venndb
VertexDB,https://dbdb.io/db/vertexdb,https://dbdb.io/media/logos/vertexdb.svg,,vertexdb
Vespa,https://dbdb.io/db/vespa,https://dbdb.io/media/logos/vespa.svg,,vespa
VictoriaMetrics,https://dbdb.io/db/victoriametrics,https://dbdb.io/media/logos/vm-com-hor-asset-black.png.40x40_q85.png,,victoriametrics
VillageSQL,https://dbdb.io/db/villagesql,https://dbdb.io/media/logos/villagesql.svg,,villagesql
Vitess,https://dbdb.io/db/vitess,https://dbdb.io/media/logos/vitess2026.svg,,vitess
ViyaDB,https://dbdb.io/db/viyadb,https://dbdb.io/media/logos/viyadb.svg,,viyadb
voidDB,https://dbdb.io/db/voiddb,https://dbdb.io/media/logos/voiddb.png.40x40_q85.png,,voiddb
Voldemort,https://dbdb.io/db/voldemort,https://dbdb.io/media/logos/voldemort.png.40x40_q85.png,,voldemort
vsql,https://dbdb.io/db/vsql,,,vsql
vyhodb,https://dbdb.io/db/vyhodb,https://dbdb.io/media/logos/vyhodb.svg,,vyhodb
WarehousePG,https://dbdb.io/db/warehousepg,https://dbdb.io/media/logos/warehousepg.png.40x40_q85.png,,warehousepg
Warp 10,https://dbdb.io/db/warp-10,https://dbdb.io/media/logos/warp10_PJkS8LP.svg,,warp-10
Weaviate,https://dbdb.io/db/weaviate,https://dbdb.io/media/logos/weaviate2023.svg,,weaviate
WebScaleSQL,https://dbdb.io/db/webscalesql,https://dbdb.io/media/logos/webscalesql.png.40x40_q85.png,,webscalesql
WhiteDB,https://dbdb.io/db/whitedb,https://dbdb.io/media/logos/whitedb.svg,,whitedb
WiredTiger,https://dbdb.io/db/wiredtiger,https://dbdb.io/media/logos/WiredTigerLogo.svg,,wiredtiger
WonderDB,https://dbdb.io/db/wonderdb,https://dbdb.io/media/logos/wonderdb.svg,,wonderdb
Xapian,https://dbdb.io/db/xapian,https://dbdb.io/media/logos/xapian.png.40x40_q85.png,,xapian
Xodus,https://dbdb.io/db/xodus,https://dbdb.io/media/logos/xodus.png.40x40_q85.png,,xodus
XTDB,https://dbdb.io/db/xtdb,https://dbdb.io/media/logos/xtdb.svg,,xtdb
YantrikDB,https://dbdb.io/db/yantrikdb,https://dbdb.io/media/logos/yantrikdb.svg,,yantrikdb
YaraDB,https://dbdb.io/db/yaradb,https://dbdb.io/media/logos/yaradb.png.40x40_q85.png,,yaradb
YDB,https://dbdb.io/db/ydb,https://dbdb.io/media/logos/ydb2024.svg,,ydb
YottaDB,https://dbdb.io/db/yottadb,https://dbdb.io/media/logos/YottaDB.svg,,yottadb
YouTrackDB,https://dbdb.io/db/youtrackdb,https://dbdb.io/media/logos/youtrackdb.svg,,youtrackdb
YTsaurus,https://dbdb.io/db/ytsaurus,https://dbdb.io/media/logos/ytsaurus.svg,,ytsaurus
YugabyteDB,https://dbdb.io/db/yugabytedb,https://dbdb.io/media/logos/yugabyte.svg,,yugabytedb
zeeSQL,https://dbdb.io/db/zeesql,https://dbdb.io/media/logos/zeesql.svg,,zeesql
Zentropy,https://dbdb.io/db/zentropy,https://dbdb.io/media/logos/zentropy.png.40x40_q85.png,,zentropy
ZeptoDB,https://dbdb.io/db/zeptodb,https://dbdb.io/media/logos/zeptodb.svg,,zeptodb
ZeroDB,https://dbdb.io/db/zerodb,https://dbdb.io/media/logos/zerodb.svg,,zerodb
ZODB,https://dbdb.io/db/zodb,https://dbdb.io/media/logos/zodb.png.40x40_q85.png,,zodb
ZooDB,https://dbdb.io/db/zoodb,https://dbdb.io/media/logos/zoodb.png.40x40_q85.png,,zoodb
Zookeeper,https://dbdb.io/db/zookeeper,https://dbdb.io/media/logos/apache-zookeeper.svg,,zookeeper
Zu,https://dbdb.io/db/zu,https://dbdb.io/media/logos/zu.png.40x40_q85.png,,zu
Zvec,https://dbdb.io/db/zvec,https://dbdb.io/media/logos/zvec.svg,,zvec
AntDB,https://dbdb.io/db/antdb,https://dbdb.io/media/logos/antdb.svg,"Last updated June 16, 2024, 10:21 p.m.",antdb
pocketSQL,https://dbdb.io/db/pocketsql,https://dbdb.io/media/logos/pocketsql.png.200x200_q85.png,"Last updated Sept. 29, 2023, 10:06 p.m.",pocketsql
VoltDB,https://dbdb.io/db/voltdb,https://dbdb.io/media/logos/voltdb-2018.svg,"Last updated June 27, 2022, 10:46 p.m.",voltdb
